Workbook

Sheet Stage 1
A1: наблюдаемая инфляция (в %) | B1: ожидаемая инфляция (в %)
A3: 10.0527 | B3: 9.8309 | C3: 43405
A4: 10.2053 | B4: 10.2363 | C4: 43435
A5: 10.0714 | B5: 10.3632 | C5: 43466
A6: 10.5671 | B6: 10.1363 | C6: 43497
A7: 10.0129 | B7: 9.1406 | C7: 43525
A8: 10.5483 | B8: 9.39 | C8: 43556
A9: 10.4213 | B9: 9.2639 | C9: 43586
A10: 10.2392 | B10: 9.4292 | C10: 43617
A11: 9.9043 | B11: 9.3712 | C11: 43647
A12: 10.0266 | B12: 9.1104 | C12: 43678
A13: 9.8667 | B13: 8.8941 | C13: 43709
A14: 9.3618 | B14: 8.6122 | C14: 43739
... A85: 14.5 | B85: 13.663 | C85: 46023

Sheet Stage 2
A1: date | B1: observed_year_inflation | C1: expected_year_inflation
A2: 43434 | B2: 10.0527 | C2: 9.8309
A3: 43465 | B3: 10.2053 | C3: 10.2363
A4: 43496 | B4: 10.0714 | C4: 10.3632
A5: 43524 | B5: 10.5671 | C5: 10.1363
A6: 43555 | B6: 10.0129 | C6: 9.1406
A7: 43585 | B7: 10.5483 | C7: 9.39
A8: 43616 | B8: 10.4213 | C8: 9.2639
A9: 43646 | B9: 10.2392 | C9: 9.4292
A10: 43677 | B10: 9.9043 | C10: 9.3712
A11: 43708 | B11: 10.0266 | C11: 9.1104
A12: 43738 | B12: 9.8667 | C12: 8.8941
A13: 43769 | B13: 9.3618 | C13: 8.6122
... A18: 43921 | B18: 8.3108 | C18: 7.8881
A19: 43951 | B19: =B18 -> 8.3108 | C19: =C18 -> 7.8881
A20: 43982 | B20: =B19 -> 8.3108 | C20: =C19 -> 7.8881
A21: 44012 | B21: =B20 -> 8.3108 | C21: =C20 -> 7.8881
A22: 44043 | B22: =B21 -> 8.3108 | C22: =C21 -> 7.8881
A23: 44074 | B23: 9.1901 | C23: 8.8231
A24: 44104 | B24: 9.4193 | C24: 8.9478
A25: 44135 | B25: 9.614 | C25: 9.668
A26: 44165 | B26: 10.7342 | C26: 10.1207
A27: 44196 | B27: 11.9545 | C27: 11.507
A28: 44227 | B28: 12.8213 | C28: 10.4836
A29: 44255 | B29: 12.2852 | C29: 9.8636
A30: 44286 | B30: 12.6584 | C30: 10.0714
A31: 44316 | B31: 14.5488 | C31: 11.879
A32: 44347 | B32: 14.8068 | C32: 11.3279
A33: 44377 | B33: 14.9324 | C33: 11.9136
A34: 44408 | B34: 16.5198 | C34: 13.3997
... A88: 46053 | B88: 14.5 | C88: 13.663

Sheet Final
A1: date | B1: observed_month_inflation | C1: expected_month_inflation
A2: 43434 | B2: =(1+'Stage 2'!B2/100)^(1/12)-1 -> 0.0080143742 | C2: =(1+'Stage 2'!C2/100)^(1/12)-1 -> 0.0078449218
A3: 43465 | B3: =(1+'Stage 2'!B3/100)^(1/12)-1 -> 0.008130777 | C3: =(1+'Stage 2'!C3/100)^(1/12)-1 -> 0.0081544057
A4: 43496 | B4: =(1+'Stage 2'!B4/100)^(1/12)-1 -> 0.0080286465 | C4: =(1+'Stage 2'!C4/100)^(1/12)-1 -> 0.0082510672
A5: 43524 | B5: =(1+'Stage 2'!B5/100)^(1/12)-1 -> 0.0084061676 | C5: =(1+'Stage 2'!C5/100)^(1/12)-1 -> 0.0080781623
A6: 43555 | B6: =(1+'Stage 2'!B6/100)^(1/12)-1 -> 0.0079839906 | C6: =(1+'Stage 2'!C6/100)^(1/12)-1 -> 0.0073155264
A7: 43585 | B7: =(1+'Stage 2'!B7/100)^(1/12)-1 -> 0.008391878 | C7: =(1+'Stage 2'!C7/100)^(1/12)-1 -> 0.0075071461
A8: 43616 | B8: =(1+'Stage 2'!B8/100)^(1/12)-1 -> 0.0082952888 | C8: =(1+'Stage 2'!C8/100)^(1/12)-1 -> 0.0074103107
A9: 43646 | B9: =(1+'Stage 2'!B9/100)^(1/12)-1 -> 0.0081566158 | C9: =(1+'Stage 2'!C9/100)^(1/12)-1 -> 0.0075372279
A10: 43677 | B10: =(1+'Stage 2'!B10/100)^(1/12)-1 -> 0.0079010331 | C10: =(1+'Stage 2'!C10/100)^(1/12)-1 -> 0.0074927156
A11: 43708 | B11: =(1+'Stage 2'!B11/100)^(1/12)-1 -> 0.0079944504 | C11: =(1+'Stage 2'!C11/100)^(1/12)-1 -> 0.0072922959
A12: 43738 | B12: =(1+'Stage 2'!B12/100)^(1/12)-1 -> 0.0078722937 | C12: =(1+'Stage 2'!C12/100)^(1/12)-1 -> 0.0071257401
A13: 43769 | B13: =(1+'Stage 2'!B13/100)^(1/12)-1 -> 0.0074854995 | C13: =(1+'Stage 2'!C13/100)^(1/12)-1 -> 0.0069082152
... A88: 46053 | B88: =(1+'Stage 2'!B88/100)^(1/12)-1 -> 0.011347621 | C88: =(1+'Stage 2'!C88/100)^(1/12)-1 -> 0.010729464
