Workbook

Sheet Stage 1
A1: date | B1: R | C1: CPI
A2: 43465 | B2: 5.8 | C2: 100.84
A3: 43496 | B3: 5.9 | C3: 101.01
A4: 43524 | B4: 6.43 | C4: 100.44
A5: 43555 | B5: 6.43 | C5: 100.32
A6: 43585 | B6: 6.19 | C6: 100.29
A7: 43616 | B7: 6.05 | C7: 100.34
A8: 43646 | B8: 6.02 | C8: 100.04
A9: 43677 | B9: 5.71 | C9: 100.2
A10: 43708 | B10: 5.64 | C10: 99.76
A11: 43738 | B11: 5.49 | C11: 99.84
A12: 43769 | B12: 5.42 | C12: 100.13
A13: 43799 | B13: 4.97 | C13: 100.28
... A85: 45991 | B85: 14.88 | C85: 100.42
A86: 46022 | C86: 100.32

Sheet Stage 2
A1: date | B1: R | C1: inflation_cpi
A2: 43465 | B2: ='Stage 1'!B2/100 -> 0.058 | C2: ='Stage 1'!C2/100-1 -> 0.0084
A3: 43496 | B3: ='Stage 1'!B3/100 -> 0.059 | C3: ='Stage 1'!C3/100-1 -> 0.0101
A4: 43524 | B4: ='Stage 1'!B4/100 -> 0.0643 | C4: ='Stage 1'!C4/100-1 -> 0.0044
A5: 43555 | B5: ='Stage 1'!B5/100 -> 0.0643 | C5: ='Stage 1'!C5/100-1 -> 0.0032
A6: 43585 | B6: ='Stage 1'!B6/100 -> 0.0619 | C6: ='Stage 1'!C6/100-1 -> 0.0029
A7: 43616 | B7: ='Stage 1'!B7/100 -> 0.0605 | C7: ='Stage 1'!C7/100-1 -> 0.0034
A8: 43646 | B8: ='Stage 1'!B8/100 -> 0.0602 | C8: ='Stage 1'!C8/100-1 -> 0.0004
A9: 43677 | B9: ='Stage 1'!B9/100 -> 0.0571 | C9: ='Stage 1'!C9/100-1 -> 0.002
A10: 43708 | B10: ='Stage 1'!B10/100 -> 0.0564 | C10: ='Stage 1'!C10/100-1 -> -0.0024
A11: 43738 | B11: ='Stage 1'!B11/100 -> 0.0549 | C11: ='Stage 1'!C11/100-1 -> -0.0016
A12: 43769 | B12: ='Stage 1'!B12/100 -> 0.0542 | C12: ='Stage 1'!C12/100-1 -> 0.0013
A13: 43799 | B13: ='Stage 1'!B13/100 -> 0.0497 | C13: ='Stage 1'!C13/100-1 -> 0.0028
... A85: 45991 | B85: ='Stage 1'!B85/100 -> 0.1488 | C85: ='Stage 1'!C85/100-1 -> 0.0042
A86: 46022 | C86: ='Stage 1'!C86/100-1 -> 0.0032

Sheet Final
A1: date | B1: i | C1: inflation_registered
A2: 43434 | C2: 0.005
A3: 43465 | B3: 0.058 | C3: 0.0084
A4: 43496 | B4: 0.059 | C4: 0.0101
A5: 43524 | B5: 0.0643 | C5: 0.0044
A6: 43555 | B6: 0.0643 | C6: 0.0032
A7: 43585 | B7: 0.0619 | C7: 0.0029
A8: 43616 | B8: 0.0605 | C8: 0.0034
A9: 43646 | B9: 0.0602 | C9: 0.0004
A10: 43677 | B10: 0.0571 | C10: 0.002
A11: 43708 | B11: 0.0564 | C11: -0.0024
A12: 43738 | B12: 0.0549 | C12: -0.0016
A13: 43769 | B13: 0.0542 | C13: 0.0013
A14: 43799 | B14: 0.0497 | C14: 0.0028
... A88: 46053 | B88: 0.14877 | C88: 0.0162
A89: 46081 | B89: 0.14489
